Review;Rating
"Great website, very user-friendly!";5
"Customer service was very helpful.";4
"Had trouble navigating the site.";2
"Excellent overall experience.";5
"Site is okay, but could be more intuitive.";3
"Terrible customer service, very unresponsive.";1
"Found everything I needed easily.";5
"Customer support solved my issue quickly.";5
"Not satisfied with the service.";1
"Site is very difficult to use.";1
"Customer support was rude.";1
"Worst customer service.";1
"Website crashes all the time.";1
"Navigation is very difficult.";1
"Customer support is terrible.";1
"Can't find anything.";1
"Site is very slow.";1
"Terrible experience.";1
"Worst support team.";1
"Website loads very slowly.";2
"Fantastic site, very easy to use.";5
"Customer service could be better.";3
"Navigation is a bit confusing.";3
"Highly recommend this site!";5
"Support team was very kind and efficient.";4
"Website design needs improvement.";2
"Perfect experience, no complaints.";5
"Good website but slow customer support.";3
"Very poor user interface.";1
"Love this website, very easy to navigate.";5
"Customer service was rude.";1
"Had a great experience on this site.";5
"Support was okay but could be faster.";3
"Found the site hard to use.";2
"Overall, very satisfied with the website.";5
"Customer service was excellent.";5
"Site needs better organization.";2
"Very user-friendly website.";5
"Support team was not helpful.";1
"Had a smooth experience on this site.";4
"Customer service was prompt and polite.";5
"Website is cluttered and hard to navigate.";2
"Great overall experience with the site.";5
"Customer service is terrible.";1
"Found everything I needed quickly.";5
"Support was very knowledgeable.";4
"Site loads too slowly.";2
"Fantastic website, very intuitive.";5
"Customer service could be more responsive.";3
"Navigation is not user-friendly.";2
"Highly recommend this site for shopping!";5
"Support team was very efficient.";4
"Website design is outdated.";2
"Perfect browsing experience.";5
"Customer service was disappointing.";2
"Good site but can be slow sometimes.";3
"Very poor navigation and user experience.";1
"Love using this website!";5
"Customer service was great!";5
"Had issues finding what I needed.";2
"Overall, a great experience.";5
"Support was helpful but slow.";3
"Site is not very user-friendly.";2
"Highly satisfied with this website.";5
"Customer service was useless.";1
"Easy to find everything I need.";5
"Support team was very helpful.";4
"Website performance is poor.";2
"Fantastic site for shopping.";5
"Customer service needs improvement.";2
"Good site but could be better.";3
"Very bad user experience.";1
"Love the layout of this site.";5
"Support was prompt and courteous.";4
"Had trouble with the site loading.";2
"Excellent site, very easy to use.";5
"Customer service was unprofessional.";1
"Had a great shopping experience.";5
"Support was good but took some time.";3
"Site is confusing and hard to use.";2
"Overall, very happy with the site.";5
"Customer service is awful.";1
"Found what I needed with no issues.";5
"Support was very responsive.";5
"Site needs a better search function.";2
"Great experience with this site.";5
"Customer service was okay, not great.";3
"Very poor site design.";1
"Love using this site, very user-friendly.";5
"Customer support was very helpful.";4
"Had issues with the site navigation.";2
"Excellent site overall.";5
"Support team could be more efficient.";3
"Site is too slow.";2
"Highly recommend this site!";5
"Customer service was very rude.";1
"Had a smooth and easy experience.";5
"Support was helpful but could be faster.";3
"Site navigation is difficult.";2
"Overall, very pleased with the website.";5
"Customer service was fantastic.";5
"Site needs to be more user-friendly.";2
"Great user experience on this site.";5
"Support team was not helpful at all.";1
"Found everything I needed easily.";5
"Customer service was prompt.";4
"Website is very slow.";2
"Fantastic shopping site.";5
"Customer support needs to be more responsive.";3
"Navigation is a bit confusing.";3
"Highly recommend this site for online shopping!";5
"Support team was very kind.";4
"Website design could be better.";2
"Perfect browsing and shopping experience.";5
"Customer service was not helpful.";1
"Good site but needs improvement.";3
"Very bad user interface and navigation.";1
"Love using this site, very easy to use.";5
"Customer service was great, very responsive.";5
"Had a lot of trouble navigating the site.";2
"Overall, a very good experience.";5
"Support was okay but needs improvement.";3
"Site is not very intuitive.";2
"Highly satisfied with my experience.";5
"Customer service was terrible, very slow.";1
"Easy to find products and checkout.";5
"Support team was very knowledgeable.";4
"Website performance could be better.";2
"Great overall experience with the site.";5
"Customer service was disappointing.";2
"Good site but a bit slow sometimes.";3
"Very poor navigation and usability.";1
"Love the design and ease of use.";5
"Support was prompt and helpful.";4
"Navigation is terrible.";1
"Very bad experience.";1
"Customer service is terrible.";1
"Can't find anything on the site.";1
"Horrible user experience.";1
"Worst website I've used.";1
"Support is very slow.";1
"Not user-friendly at all.";1
"Terrible customer support.";1
"Very disappointed with the site.";1
"Website needs a lot of improvement.";1
"Horrible service.";1
"Had issues with site speed.";2
"Excellent site, very user-friendly.";5
"Customer service was very bad.";1
"Had a great time shopping on this site.";5
"Support was helpful but slow to respond.";3
"Site is not very easy to use.";2
"Overall, very happy with the site.";5
"Customer service was terrible.";1
"Support team was very professional.";4
"Website crashes frequently.";2
"Great experience overall.";5
"Customer service was subpar.";2
"Good site but with some flaws.";3
"Terrible user experience.";1
"Love the layout and functionality.";5
"Support was quick and effective.";4
"Had trouble with the site responsiveness.";2
"Excellent site, highly recommended.";5
"Customer service was unhelpful and rude.";1
"Enjoyed shopping on this site.";5
"Support was knowledgeable but slow.";3
"Site is not intuitive at all.";2
"Very happy with the site performance.";5
"Customer service was a nightmare.";1
"Easy to use and navigate.";5
"Support team was very responsive.";4
"Website could be faster.";2
"Great site for finding deals.";5
"Customer support needs more training.";3
"Navigation is complicated.";2
"Highly recommend this site to others.";5
"Support team was polite and efficient.";4
"Website layout is confusing.";2
"Perfect site for online shopping.";5
"Customer service was unprofessional.";1
"Good site but with some issues.";3
"Very poor user interface and experience.";1
"Love the site, very user-friendly.";5
"Support was prompt and courteous.";4
"Had some trouble with site navigation.";2
"Excellent site, very efficient.";5
"Customer service was very disappointing.";2
"Good site but can be improved.";3
"Site needs a more modern design.";2
"Highly satisfied with the site.";5
"Customer service was unacceptable.";1
"Easy to use and very fast.";5
"Support team was great.";4
"Website is outdated and slow.";2
"Great site, very intuitive.";5
"Customer support could be more responsive.";3
"Navigation is a bit tricky.";2
"Highly recommend for shopping.";5
"Support team was very knowledgeable.";4
"Website could use an update.";2
"Perfect site for my needs.";5
"Customer service was rude.";1
"Had a pleasant experience using this site.";5
"Worst experience ever.";1
"Website is extremely slow.";1
"Customer service is not responsive.";1
"Horrible navigation.";1
"Website is very confusing.";1
"Not satisfied with customer service.";1
"Very bad site.";1
"Customer service is not helpful.";1
"Worst site design.";1
"Terrible user interface.";1
"Horrible support.";1
"Can't navigate the website.";1
"Bad site experience.";1
"Not user-friendly.";1
"Easy to use website.";5
"Great support team.";5
"Love the site.";5
"Highly recommend this site.";5
"Perfect experience.";5
"Support was very helpful.";4
"Website is good but slow.";3
"Satisfied with the site.";5
"Customer service was excellent.";5
"Great site for shopping.";5
"Good experience overall.";4
"Site is very efficient.";5
"Support team was responsive.";4
"Highly satisfied with the service.";5
"Site needs some improvement.";3
"Great customer service.";5
"Website is very user-friendly.";5
"Love the layout of the site.";5
"Perfect for online shopping.";5
"Good but needs better support.";3
"Great overall experience.";5
"Very happy with the site.";5
"Customer support was helpful.";4
"Navigation is easy.";5
"Site is very slow.";2
"Great site, highly recommend.";5
"Support was very professional.";4
"Love using this site.";5
"Highly recommend it.";5
"Good but could be better.";3
"Support team was excellent.";5
"Very user-friendly.";5
"Great deals on the site.";5
"Support could be better.";3
"Very satisfied with the site.";5
"Website needs improvement.";2
"Perfect user experience.";5
"Support team was very kind.";4
"Good site but slow.";3
"Excellent service.";5
"Very user-friendly site.";5
"Love the functionality.";5
"Highly recommend this site.";5
"Support was great.";5
"Very efficient site.";5
"Navigation is very easy.";5
"Great site for deals.";5
"Support team was very helpful.";4
"Highly satisfied with the service.";5
"Perfect site for shopping.";5
"Great product! Fast shipping and excellent customer service.";5
"The item arrived damaged, but the support team quickly resolved the issue.";4
"Highly recommended!";5
"Good quality for the price.";4
"Exactly as described.";5
"Fast delivery.";4
"Product didn't meet my expectations.";3
"Outstanding service.";5
"Item was late, but overall satisfied with the purchase.";4
"Could be better.";3
"Love it!";5
"Average quality, but good value.";4
"Prompt response from the seller.";5
"Disappointed with the product.";3
"Excellent communication.";5
"Received wrong item, but got a refund promptly.";4
"Very happy with my purchase.";5
"Item arrived earlier than expected.";4
"Item was damaged during shipping.";3
"Great customer support.";5
"Quality could be improved.";3
"Fantastic experience!";5
"Item was exactly what I needed.";4
"Slight delay in shipping.";4
"Terrible quality, would not recommend.";3
"Perfect transaction.";5
"Item was smaller than expected.";4
"Shipping took longer than anticipated.";4
"Not worth the price.";3
"Awesome product!";5
"Received the wrong color.";4
"Superb quality.";5
"Item arrived defective.";3
"Quick and easy transaction.";5
"Good value for money.";4
"Poor customer service.";3
"Absolutely delighted with my purchase.";5
"Item was out of stock.";4
"Could improve packaging.";4
"Item arrived damaged, but the seller offered a replacement.";4
"Very satisfied with my purchase.";5
"Item didn't match the description.";3
"Responsive seller.";5
"Item arrived in perfect condition.";4
"Would not buy again.";3
"Smooth transaction.";5
"Item exceeded my expectations.";5
"Item was poorly packaged.";3
"Hate using this website.";1
"Support team is useless.";1
"Website is not responsive.";1
"Terrible site design.";1
"Customer service is awful.";1
"Can't navigate the site.";1
"Very slow site.";1
"Support doesn't help at all.";1
"Bad experience overall.";1
"Can't recommend this site.";1
"Worst site ever.";1
"Support team is not helpful.";1
"Very bad customer service.";1